Old URL,New URL
/about-forcebeyond/,/about/
/about-us/,/about/
/aerospace/,/industries/
/aluminum-die-casting/,/services/die-casting/
/automotive/,/industries/
/blog/,/resources/
/capabilities/,/services/
/certifications/,/about/
/cnc-machining/,/services/superalloys-machining/
/cobalt-alloys/,/materials/superalloys/
/cold-forging/,/services/superalloys-forging/
/contact-us/,/contact/
/contact-us-new/,/contact/
/contact-us-new-2/,/contact/
/defense/,/industries/
/duplex-stainless-steel/,/materials/superalloys/
/energy/,/industries/
/faq/,/resources/
/faq-items/what-are-superalloys/,/materials/superalloys/
/faq-items/what-is-cnc-machining/,/services/superalloys-machining/
/faq-items/what-is-cold-forging/,/services/superalloys-forging/
/faq-items/what-is-die-casting/,/services/die-casting/
/faq-items/what-is-hot-forging/,/services/superalloys-forging/
/faq-items/what-is-inconel/,/materials/inconel/
/faq-items/what-is-investment-casting/,/services/investment-casting/
/faq-items/what-is-sand-casting/,/services/investment-casting/
/faq-items/what-is-titanium/,/materials/titanium/
/faq-items/what-is-vendor-managed-inventory-vmi/,/services/
/forging/,/services/superalloys-forging/
/global-sourcing/,/services/
/hot-forging/,/services/superalloys-forging/
/inconel/,/materials/inconel/
/inconel-625/,/materials/inconel/
/inconel-625-casting/,/services/inconel-casting/
/inconel-718/,/materials/inconel/
/inconel-718-casting/,/services/inconel-casting/
/iso-9001/,/about/
/machining/,/services/superalloys-machining/
/manufacturing/,/services/
/marine/,/industries/
/medical/,/industries/
/mining/,/industries/
/news/,/resources/
/nickel-alloys/,/materials/superalloys/
/nuclear/,/industries/
/oil-and-gas/,/industries/
/oil-gas/,/industries/
/precision-casting/,/services/investment-casting/
/precision-machining/,/services/superalloys-machining/
/precision-titanium-casting/,/services/titanium-casting/
/products/,/services/
/quality/,/about/
/quality-control/,/about/
/request-a-quote/,/contact/
/request-quote/,/contact/
/rfq/,/contact/
/stainless-steel/,/services/investment-casting/
/stainless-steel-casting/,/services/investment-casting/
/sub-assembly/,/services/
/superalloy-casting/,/services/superalloys-casting/
/superalloy-forging/,/services/superalloys-forging/
/superalloys/,/materials/superalloys/
/supply-chain-management/,/services/
/test/,/
/titanium/,/materials/titanium/
/under-construction/,/
/vacuum-investment-casting/,/services/superalloys-casting/
/zinc-die-casting/,/services/die-casting/